Song,Artist,Spotify_ID,danceability,energy,key,loudness,mode,speechiness,acousticness,instrumentalness,liveness,valence,tempo,type,id,uri,track_href,analysis_url,duration_ms,time_signature
Paint The Town Red,Doja Cat,2IGMVunIBsBLtEQyoI1Mu7,0.868,0.538,5,-8.603,1,0.174,0.269,3.34e-06,0.0901,0.732,99.968,audio_features,2IGMVunIBsBLtEQyoI1Mu7,spotify:track:2IGMVunIBsBLtEQyoI1Mu7,https://api.spotify.com/v1/tracks/2IGMVunIBsBLtEQyoI1Mu7,https://api.spotify.com/v1/audio-analysis/2IGMVunIBsBLtEQyoI1Mu7,231750,4
Snooze,SZA,4iZ4pt7kvcaH6Yo8UoZ4s2,0.559,0.551,5,-7.231,1,0.132,0.141,0.0,0.11,0.392,143.008,audio_features,4iZ4pt7kvcaH6Yo8UoZ4s2,spotify:track:4iZ4pt7kvcaH6Yo8UoZ4s2,https://api.spotify.com/v1/tracks/4iZ4pt7kvcaH6Yo8UoZ4s2,https://api.spotify.com/v1/audio-analysis/4iZ4pt7kvcaH6Yo8UoZ4s2,201800,4
Fast Car,Luke Combs,1Lo0QY9cvc8sUB2vnIOxDT,0.712,0.603,8,-5.52,1,0.0262,0.186,0.0,0.115,0.67,97.994,audio_features,1Lo0QY9cvc8sUB2vnIOxDT,spotify:track:1Lo0QY9cvc8sUB2vnIOxDT,https://api.spotify.com/v1/tracks/1Lo0QY9cvc8sUB2vnIOxDT,https://api.spotify.com/v1/audio-analysis/1Lo0QY9cvc8sUB2vnIOxDT,265493,4
Cruel Summer,Taylor Swift,2EGaDf0cPX789H3LNeB03D,0.666,0.871,1,-6.017,0,0.0272,0.27,0.0208,0.263,0.936,108.501,audio_features,2EGaDf0cPX789H3LNeB03D,spotify:track:2EGaDf0cPX789H3LNeB03D,https://api.spotify.com/v1/tracks/2EGaDf0cPX789H3LNeB03D,https://api.spotify.com/v1/audio-analysis/2EGaDf0cPX789H3LNeB03D,215326,4
I Remember Everything,Zach Bryan Featuring Kacey Musgraves,4KULAymBBJcPRpk1yO4dOG,0.429,0.453,0,-7.746,1,0.0459,0.554,2e-06,0.102,0.155,77.639,audio_features,4KULAymBBJcPRpk1yO4dOG,spotify:track:4KULAymBBJcPRpk1yO4dOG,https://api.spotify.com/v1/tracks/4KULAymBBJcPRpk1yO4dOG,https://api.spotify.com/v1/audio-analysis/4KULAymBBJcPRpk1yO4dOG,227196,4
Last Night,Morgan Wallen,59uQI0PADDKeE6UZDTJEe8,0.517,0.675,6,-5.382,1,0.0357,0.459,0.0,0.151,0.518,203.853,audio_features,59uQI0PADDKeE6UZDTJEe8,spotify:track:59uQI0PADDKeE6UZDTJEe8,https://api.spotify.com/v1/tracks/59uQI0PADDKeE6UZDTJEe8,https://api.spotify.com/v1/audio-analysis/59uQI0PADDKeE6UZDTJEe8,163855,4
Vampire,Olivia Rodrigo,4sSKTQcX6pQIncWcNJdkiD,0.675,0.609,1,-7.905,1,0.094,0.284,0.268,0.112,0.057,119.973,audio_features,4sSKTQcX6pQIncWcNJdkiD,spotify:track:4sSKTQcX6pQIncWcNJdkiD,https://api.spotify.com/v1/tracks/4sSKTQcX6pQIncWcNJdkiD,https://api.spotify.com/v1/audio-analysis/4sSKTQcX6pQIncWcNJdkiD,300000,4
Fukumean,Gunna,4rXLjWdF2ZZpXCVTfWcshS,0.847,0.622,1,-6.747,0,0.0903,0.119,0.0,0.285,0.22,130.001,audio_features,4rXLjWdF2ZZpXCVTfWcshS,spotify:track:4rXLjWdF2ZZpXCVTfWcshS,https://api.spotify.com/v1/tracks/4rXLjWdF2ZZpXCVTfWcshS,https://api.spotify.com/v1/audio-analysis/4rXLjWdF2ZZpXCVTfWcshS,125040,4
Calm Down,Rema & Selena Gomez,0WtM2NBVQNNJLh6scP13H8,0.801,0.806,11,-5.206,1,0.0381,0.382,0.000669,0.114,0.802,106.999,audio_features,0WtM2NBVQNNJLh6scP13H8,spotify:track:0WtM2NBVQNNJLh6scP13H8,https://api.spotify.com/v1/tracks/0WtM2NBVQNNJLh6scP13H8,https://api.spotify.com/v1/audio-analysis/0WtM2NBVQNNJLh6scP13H8,239318,4
Dance The Night,Dua Lipa,1vYXt7VSjH9JIM5oRRo7vA,0.671,0.845,11,-4.93,0,0.048,0.0207,0.0,0.329,0.775,110.056,audio_features,1vYXt7VSjH9JIM5oRRo7vA,spotify:track:1vYXt7VSjH9JIM5oRRo7vA,https://api.spotify.com/v1/tracks/1vYXt7VSjH9JIM5oRRo7vA,https://api.spotify.com/v1/audio-analysis/1vYXt7VSjH9JIM5oRRo7vA,176579,4
Barbie World,Nicki Minaj & Ice Spice With Aqua,741UUVE2kuITl0c6zuqqbO,0.77,0.58,0,-8.393,1,0.247,0.519,0.000127,0.233,0.753,144.072,audio_features,741UUVE2kuITl0c6zuqqbO,spotify:track:741UUVE2kuITl0c6zuqqbO,https://api.spotify.com/v1/tracks/741UUVE2kuITl0c6zuqqbO,https://api.spotify.com/v1/audio-analysis/741UUVE2kuITl0c6zuqqbO,109750,4
Slime You Out,Drake Featuring SZA,0AYt6NMyyLd0rLuvr0UkMH,0.483,0.408,5,-9.243,0,0.0502,0.508,0.0,0.259,0.105,88.88,audio_features,0AYt6NMyyLd0rLuvr0UkMH,spotify:track:0AYt6NMyyLd0rLuvr0UkMH,https://api.spotify.com/v1/tracks/0AYt6NMyyLd0rLuvr0UkMH,https://api.spotify.com/v1/audio-analysis/0AYt6NMyyLd0rLuvr0UkMH,310491,3
Religiously,Bailey Zimmerman,0bILU0UiNDmA5Ff6whhb2R,0.57,0.67,1,-6.519,1,0.0274,0.426,0.0,0.108,0.593,140.924,audio_features,0bILU0UiNDmA5Ff6whhb2R,spotify:track:0bILU0UiNDmA5Ff6whhb2R,https://api.spotify.com/v1/tracks/0bILU0UiNDmA5Ff6whhb2R,https://api.spotify.com/v1/audio-analysis/0bILU0UiNDmA5Ff6whhb2R,178723,4
Sarah's Place,Zach Bryan Featuring Noah Kahan,1vhbThkFnqAHbZp0fEjXE4,0.576,0.683,7,-5.103,1,0.118,0.41,0.0,0.0819,0.433,151.566,audio_features,1vhbThkFnqAHbZp0fEjXE4,spotify:track:1vhbThkFnqAHbZp0fEjXE4,https://api.spotify.com/v1/tracks/1vhbThkFnqAHbZp0fEjXE4,https://api.spotify.com/v1/audio-analysis/1vhbThkFnqAHbZp0fEjXE4,214056,4
Flowers,Miley Cyrus,1ZJwhLQLt2quexYKP2Q3gk,0.672,0.159,9,-8.76,0,0.0343,0.962,1.83e-05,0.106,0.117,113.218,audio_features,1ZJwhLQLt2quexYKP2Q3gk,spotify:track:1ZJwhLQLt2quexYKP2Q3gk,https://api.spotify.com/v1/tracks/1ZJwhLQLt2quexYKP2Q3gk,https://api.spotify.com/v1/audio-analysis/1ZJwhLQLt2quexYKP2Q3gk,210827,4
Bad Idea Right?,Olivia Rodrigo,3IX0yuEVvDbnqUwMBB3ouC,0.627,0.879,9,-3.446,1,0.0955,0.00193,6.87e-06,0.0647,0.748,129.979,audio_features,3IX0yuEVvDbnqUwMBB3ouC,spotify:track:3IX0yuEVvDbnqUwMBB3ouC,https://api.spotify.com/v1/tracks/3IX0yuEVvDbnqUwMBB3ouC,https://api.spotify.com/v1/audio-analysis/3IX0yuEVvDbnqUwMBB3ouC,184784,4
Thinkin' Bout Me,Morgan Wallen,0PAcdVzhPO4gq1Iym9ESnK,0.656,0.757,3,-5.775,0,0.0308,0.492,0.0,0.117,0.429,139.971,audio_features,0PAcdVzhPO4gq1Iym9ESnK,spotify:track:0PAcdVzhPO4gq1Iym9ESnK,https://api.spotify.com/v1/tracks/0PAcdVzhPO4gq1Iym9ESnK,https://api.spotify.com/v1/audio-analysis/0PAcdVzhPO4gq1Iym9ESnK,177388,4
Agora Hills,Doja Cat,7iwvhvF78ZwYJ4JeMyv8Wq,0.747,0.542,8,-11.608,0,0.0831,0.301,0.0948,0.131,0.404,123.011,audio_features,7iwvhvF78ZwYJ4JeMyv8Wq,spotify:track:7iwvhvF78ZwYJ4JeMyv8Wq,https://api.spotify.com/v1/tracks/7iwvhvF78ZwYJ4JeMyv8Wq,https://api.spotify.com/v1/audio-analysis/7iwvhvF78ZwYJ4JeMyv8Wq,265872,4
All My Life,Lil Durk Featuring J. Cole,6HgWWaMu31KdOpEG5l28BG,0.829,0.436,3,-8.205,1,0.327,0.15,0.0,0.0954,0.693,143.031,audio_features,6HgWWaMu31KdOpEG5l28BG,spotify:track:6HgWWaMu31KdOpEG5l28BG,https://api.spotify.com/v1/tracks/6HgWWaMu31KdOpEG5l28BG,https://api.spotify.com/v1/audio-analysis/6HgWWaMu31KdOpEG5l28BG,223204,4
Need A Favor,Jelly Roll,5twSy6ffBrF03mnNUsUgJZ,0.504,0.771,6,-4.231,1,0.0319,0.0123,1.89e-05,0.078,0.555,157.985,audio_features,5twSy6ffBrF03mnNUsUgJZ,spotify:track:5twSy6ffBrF03mnNUsUgJZ,https://api.spotify.com/v1/tracks/5twSy6ffBrF03mnNUsUgJZ,https://api.spotify.com/v1/audio-analysis/5twSy6ffBrF03mnNUsUgJZ,197400,4
Anti-Hero,Taylor Swift,0V3wPSX9ygBnCm8psDIegu,0.637,0.643,4,-6.571,1,0.0519,0.13,1.8e-06,0.142,0.533,97.008,audio_features,0V3wPSX9ygBnCm8psDIegu,spotify:track:0V3wPSX9ygBnCm8psDIegu,https://api.spotify.com/v1/tracks/0V3wPSX9ygBnCm8psDIegu,https://api.spotify.com/v1/audio-analysis/0V3wPSX9ygBnCm8psDIegu,200690,4
Used To Be Young,Miley Cyrus,0Nfh4u0J4bajcyp5pzaWCx,0.451,0.632,4,-3.843,1,0.0475,0.6,0.0,0.139,0.455,147.06,audio_features,0Nfh4u0J4bajcyp5pzaWCx,spotify:track:0Nfh4u0J4bajcyp5pzaWCx,https://api.spotify.com/v1/tracks/0Nfh4u0J4bajcyp5pzaWCx,https://api.spotify.com/v1/audio-analysis/0Nfh4u0J4bajcyp5pzaWCx,190461,4
Rich Men North Of Richmond,Oliver Anthony Music,78Du4CMFgnhdlG33gblkiP,0.678,0.264,10,-12.384,1,0.0622,0.753,0.0,0.302,0.528,121.722,audio_features,78Du4CMFgnhdlG33gblkiP,spotify:track:78Du4CMFgnhdlG33gblkiP,https://api.spotify.com/v1/tracks/78Du4CMFgnhdlG33gblkiP,https://api.spotify.com/v1/audio-analysis/78Du4CMFgnhdlG33gblkiP,187244,4
Greedy,Tate McRae,3RhyHYnYxuGnP8njFlNxHq,0.707,0.483,1,-7.365,1,0.059,0.106,3.54e-06,0.0356,0.386,87.999,audio_features,3RhyHYnYxuGnP8njFlNxHq,spotify:track:3RhyHYnYxuGnP8njFlNxHq,https://api.spotify.com/v1/tracks/3RhyHYnYxuGnP8njFlNxHq,https://api.spotify.com/v1/audio-analysis/3RhyHYnYxuGnP8njFlNxHq,152787,4
Kill Bill,SZA,1Qrg8KqiBpW07V7PNxwwwL,0.644,0.735,8,-5.747,1,0.0391,0.0521,0.144,0.161,0.418,88.98,audio_features,1Qrg8KqiBpW07V7PNxwwwL,spotify:track:1Qrg8KqiBpW07V7PNxwwwL,https://api.spotify.com/v1/tracks/1Qrg8KqiBpW07V7PNxwwwL,https://api.spotify.com/v1/audio-analysis/1Qrg8KqiBpW07V7PNxwwwL,153947,4
Boys Of Faith,Zach Bryan Featuring Bon Iver,6pRRHgDjfIGhTUCGlHX2p8,0.302,0.584,1,-6.242,1,0.063,0.385,5.22e-05,0.089,0.159,199.804,audio_features,6pRRHgDjfIGhTUCGlHX2p8,spotify:track:6pRRHgDjfIGhTUCGlHX2p8,https://api.spotify.com/v1/tracks/6pRRHgDjfIGhTUCGlHX2p8,https://api.spotify.com/v1/audio-analysis/6pRRHgDjfIGhTUCGlHX2p8,170825,4
Dial Drunk,Noah Kahan With Post Malone,22VHOlVYBqytsrAqV8yXBK,0.667,0.613,8,-7.147,1,0.0313,0.121,0.0,0.113,0.681,112.046,audio_features,22VHOlVYBqytsrAqV8yXBK,spotify:track:22VHOlVYBqytsrAqV8yXBK,https://api.spotify.com/v1/tracks/22VHOlVYBqytsrAqV8yXBK,https://api.spotify.com/v1/audio-analysis/22VHOlVYBqytsrAqV8yXBK,213817,4
What Was I Made For?,Billie Eilish,6wf7Yu7cxBSPrRlWeSeK0Q,0.444,0.0911,0,-17.665,1,0.0307,0.959,1.05e-06,0.098,0.142,78.403,audio_features,6wf7Yu7cxBSPrRlWeSeK0Q,spotify:track:6wf7Yu7cxBSPrRlWeSeK0Q,https://api.spotify.com/v1/tracks/6wf7Yu7cxBSPrRlWeSeK0Q,https://api.spotify.com/v1/audio-analysis/6wf7Yu7cxBSPrRlWeSeK0Q,222370,4
Watermelon Moonshine,Lainey Wilson,38u8rrHfOAcOE7IbArM39x,0.739,0.413,1,-6.709,1,0.0282,0.47,2.51e-05,0.131,0.649,139.921,audio_features,38u8rrHfOAcOE7IbArM39x,spotify:track:38u8rrHfOAcOE7IbArM39x,https://api.spotify.com/v1/tracks/38u8rrHfOAcOE7IbArM39x,https://api.spotify.com/v1/audio-analysis/38u8rrHfOAcOE7IbArM39x,208853,4
Creepin',"Metro Boomin, The Weeknd & 21 Savage",2dHHgzDwk4BJdRwy9uXhTO,0.715,0.62,1,-6.005,0,0.0484,0.417,0.0,0.0822,0.172,97.95,audio_features,2dHHgzDwk4BJdRwy9uXhTO,spotify:track:2dHHgzDwk4BJdRwy9uXhTO,https://api.spotify.com/v1/tracks/2dHHgzDwk4BJdRwy9uXhTO,https://api.spotify.com/v1/audio-analysis/2dHHgzDwk4BJdRwy9uXhTO,221520,4
Karma,Taylor Swift Featuring Ice Spice,0ZxhtATQ0a6EvQNZ0z6NKV,0.898,0.676,9,-5.196,1,0.187,0.14,0.0,0.101,0.742,147.991,audio_features,0ZxhtATQ0a6EvQNZ0z6NKV,spotify:track:0ZxhtATQ0a6EvQNZ0z6NKV,https://api.spotify.com/v1/tracks/0ZxhtATQ0a6EvQNZ0z6NKV,https://api.spotify.com/v1/audio-analysis/0ZxhtATQ0a6EvQNZ0z6NKV,172125,4
What It Is (Block Boy),Doechii Featuring Kodak Black,1O8zCu3dLLPxkbGfIsbRgE,0.731,0.744,1,-5.77,0,0.174,0.109,0.0,0.123,0.727,171.859,audio_features,1O8zCu3dLLPxkbGfIsbRgE,spotify:track:1O8zCu3dLLPxkbGfIsbRgE,https://api.spotify.com/v1/tracks/1O8zCu3dLLPxkbGfIsbRgE,https://api.spotify.com/v1/audio-analysis/1O8zCu3dLLPxkbGfIsbRgE,223344,4
Great Gatsby,Rod Wave,4M68xjcc42oxyphhzpOWXS,0.67,0.555,1,-9.12,0,0.0908,0.0382,6.36e-06,0.414,0.16,156.937,audio_features,4M68xjcc42oxyphhzpOWXS,spotify:track:4M68xjcc42oxyphhzpOWXS,https://api.spotify.com/v1/tracks/4M68xjcc42oxyphhzpOWXS,https://api.spotify.com/v1/audio-analysis/4M68xjcc42oxyphhzpOWXS,146808,4
Get Him Back!,Olivia Rodrigo,3dKYak9dKL8YeHx5jMokoP,0.527,0.252,7,-8.024,1,0.0362,0.839,0.0,0.1,0.157,82.069,audio_features,3dKYak9dKL8YeHx5jMokoP,spotify:track:3dKYak9dKL8YeHx5jMokoP,https://api.spotify.com/v1/tracks/3dKYak9dKL8YeHx5jMokoP,https://api.spotify.com/v1/audio-analysis/3dKYak9dKL8YeHx5jMokoP,231907,4
I Know ?,Travis Scott,6wsqVwoiVH2kde4k4KKAFU,0.927,0.619,5,-4.441,0,0.0539,0.0186,0.0,0.104,0.817,117.995,audio_features,6wsqVwoiVH2kde4k4KKAFU,spotify:track:6wsqVwoiVH2kde4k4KKAFU,https://api.spotify.com/v1/tracks/6wsqVwoiVH2kde4k4KKAFU,https://api.spotify.com/v1/audio-analysis/6wsqVwoiVH2kde4k4KKAFU,211582,4
Good Good,"Usher, Summer Walker & 21 Savage",0J1YRLYhTG1MBosjidD7OI,0.753,0.669,7,-4.914,0,0.104,0.0378,0.0,0.122,0.584,140.948,audio_features,0J1YRLYhTG1MBosjidD7OI,spotify:track:0J1YRLYhTG1MBosjidD7OI,https://api.spotify.com/v1/tracks/0J1YRLYhTG1MBosjidD7OI,https://api.spotify.com/v1/audio-analysis/0J1YRLYhTG1MBosjidD7OI,247469,4
Daylight,David Kushner,1odExI7RdWc4BT515LTAwj,0.508,0.43,2,-9.475,0,0.0335,0.83,0.000441,0.093,0.324,130.09,audio_features,1odExI7RdWc4BT515LTAwj,spotify:track:1odExI7RdWc4BT515LTAwj,https://api.spotify.com/v1/tracks/1odExI7RdWc4BT515LTAwj,https://api.spotify.com/v1/audio-analysis/1odExI7RdWc4BT515LTAwj,212954,4
Peaches & Eggplants,Young Nudy Featuring 21 Savage,2KcQ0PbPj0O3P48B9YX7iN,0.911,0.536,4,-7.884,0,0.282,0.00897,3.73e-06,0.111,0.584,146.014,audio_features,2KcQ0PbPj0O3P48B9YX7iN,spotify:track:2KcQ0PbPj0O3P48B9YX7iN,https://api.spotify.com/v1/tracks/2KcQ0PbPj0O3P48B9YX7iN,https://api.spotify.com/v1/audio-analysis/2KcQ0PbPj0O3P48B9YX7iN,203813,4
Try That In A Small Town,Jason Aldean,4ROknQyR1wOGPfmpTtB3z4,0.459,0.861,0,-3.762,0,0.0529,0.0474,5.38e-06,0.107,0.333,145.842,audio_features,4ROknQyR1wOGPfmpTtB3z4,spotify:track:4ROknQyR1wOGPfmpTtB3z4,https://api.spotify.com/v1/tracks/4ROknQyR1wOGPfmpTtB3z4,https://api.spotify.com/v1/audio-analysis/4ROknQyR1wOGPfmpTtB3z4,180034,4
Lady Gaga,"Peso Pluma, Gabito Ballesteros & Junior H",7mXuWTczZNxG5EDcjFEuJR,0.646,0.736,5,-7.118,0,0.0449,0.216,0.0,0.415,0.873,140.098,audio_features,7mXuWTczZNxG5EDcjFEuJR,spotify:track:7mXuWTczZNxG5EDcjFEuJR,https://api.spotify.com/v1/tracks/7mXuWTczZNxG5EDcjFEuJR,https://api.spotify.com/v1/audio-analysis/7mXuWTczZNxG5EDcjFEuJR,212878,3
Qlona,Karol G & Peso Pluma,5gUysq7aO7v7EcV5kQWgeh,0.843,0.741,7,-7.486,0,0.293,0.541,1.88e-06,0.0879,0.45,169.933,audio_features,5gUysq7aO7v7EcV5kQWgeh,spotify:track:5gUysq7aO7v7EcV5kQWgeh,https://api.spotify.com/v1/tracks/5gUysq7aO7v7EcV5kQWgeh,https://api.spotify.com/v1/audio-analysis/5gUysq7aO7v7EcV5kQWgeh,172798,4
Meltdown,Travis Scott Featuring Drake,6w3hTgFYPaUo6WFz2tEOtX,0.453,0.987,11,-3.012,0,0.251,0.000164,0.0,0.0776,0.206,154.08,audio_features,6w3hTgFYPaUo6WFz2tEOtX,spotify:track:6w3hTgFYPaUo6WFz2tEOtX,https://api.spotify.com/v1/tracks/6w3hTgFYPaUo6WFz2tEOtX,https://api.spotify.com/v1/audio-analysis/6w3hTgFYPaUo6WFz2tEOtX,268919,4
Love You Anyway,Luke Combs,2kYevr8cbIAH2ha8210Bnz,0.532,0.489,4,-7.419,1,0.0311,0.149,0.0,0.237,0.32,139.807,audio_features,2kYevr8cbIAH2ha8210Bnz,spotify:track:2kYevr8cbIAH2ha8210Bnz,https://api.spotify.com/v1/tracks/2kYevr8cbIAH2ha8210Bnz,https://api.spotify.com/v1/audio-analysis/2kYevr8cbIAH2ha8210Bnz,229627,4
Bongos,Cardi B & Megan Thee Stallion,5qivHfDEvKu8td9TFC2cqt,0.475,0.574,7,-7.512,1,0.218,0.000791,0.81,0.067,0.194,158.689,audio_features,5qivHfDEvKu8td9TFC2cqt,spotify:track:5qivHfDEvKu8td9TFC2cqt,https://api.spotify.com/v1/tracks/5qivHfDEvKu8td9TFC2cqt,https://api.spotify.com/v1/audio-analysis/5qivHfDEvKu8td9TFC2cqt,175099,5
Deep Satin,Zach Bryan,1u2Fe70Qm9VFCIMPWFlfc1,0.509,0.697,9,-4.425,0,0.0304,0.12,0.0,0.134,0.37,75.216,audio_features,1u2Fe70Qm9VFCIMPWFlfc1,spotify:track:1u2Fe70Qm9VFCIMPWFlfc1,https://api.spotify.com/v1/tracks/1u2Fe70Qm9VFCIMPWFlfc1,https://api.spotify.com/v1/audio-analysis/1u2Fe70Qm9VFCIMPWFlfc1,211194,4
Boyz Don't Cry,Rod Wave,2z2gqgwu1GCurpZJYzcytE,0.741,0.509,10,-12.639,1,0.0532,0.0761,2.9e-06,0.114,0.345,152.078,audio_features,2z2gqgwu1GCurpZJYzcytE,spotify:track:2z2gqgwu1GCurpZJYzcytE,https://api.spotify.com/v1/tracks/2z2gqgwu1GCurpZJYzcytE,https://api.spotify.com/v1/audio-analysis/2z2gqgwu1GCurpZJYzcytE,202224,4
Save Me,Jelly Roll With Lainey Wilson,4Bee3PcNdfeqO1B80dDgFn,0.564,0.612,0,-5.018,1,0.0248,0.382,0.0,0.11,0.146,83.03,audio_features,4Bee3PcNdfeqO1B80dDgFn,spotify:track:4Bee3PcNdfeqO1B80dDgFn,https://api.spotify.com/v1/tracks/4Bee3PcNdfeqO1B80dDgFn,https://api.spotify.com/v1/audio-analysis/4Bee3PcNdfeqO1B80dDgFn,237493,3
Come See Me,Rod Wave,0wGVE3BxTW5KCjoLsNlVRB,0.468,0.495,7,-10.671,1,0.167,0.717,0.0,0.11,0.171,114.227,audio_features,0wGVE3BxTW5KCjoLsNlVRB,spotify:track:0wGVE3BxTW5KCjoLsNlVRB,https://api.spotify.com/v1/tracks/0wGVE3BxTW5KCjoLsNlVRB,https://api.spotify.com/v1/audio-analysis/0wGVE3BxTW5KCjoLsNlVRB,190588,5
Call Your Friends,Rod Wave,5W0RVQViQC7xocvAUnIs6Z,0.57,0.557,2,-12.055,1,0.105,0.143,0.0,0.0926,0.301,83.224,audio_features,5W0RVQViQC7xocvAUnIs6Z,spotify:track:5W0RVQViQC7xocvAUnIs6Z,https://api.spotify.com/v1/tracks/5W0RVQViQC7xocvAUnIs6Z,https://api.spotify.com/v1/audio-analysis/5W0RVQViQC7xocvAUnIs6Z,153129,4
Turks & Caicos,Rod Wave Featuring 21 Savage,3kfhS2L56Wj8fBcu7xE47H,0.544,0.496,0,-12.032,1,0.21,0.13,0.0,0.166,0.314,103.148,audio_features,3kfhS2L56Wj8fBcu7xE47H,spotify:track:3kfhS2L56Wj8fBcu7xE47H,https://api.spotify.com/v1/tracks/3kfhS2L56Wj8fBcu7xE47H,https://api.spotify.com/v1/audio-analysis/3kfhS2L56Wj8fBcu7xE47H,203442,5
Hey Driver,Zach Bryan Featuring The War And Treaty,4pCbJC43j3gSqG6Fen6upD,0.583,0.351,0,-5.836,1,0.0306,0.494,0.0,0.368,0.462,79.014,audio_features,4pCbJC43j3gSqG6Fen6upD,spotify:track:4pCbJC43j3gSqG6Fen6upD,https://api.spotify.com/v1/tracks/4pCbJC43j3gSqG6Fen6upD,https://api.spotify.com/v1/audio-analysis/4pCbJC43j3gSqG6Fen6upD,227467,4
Seven,Jung Kook Featuring Latto,7x9aauaA9cu6tyfpHnqDLo,0.802,0.832,11,-4.107,1,0.0434,0.311,0.0,0.0815,0.89,124.997,audio_features,7x9aauaA9cu6tyfpHnqDLo,spotify:track:7x9aauaA9cu6tyfpHnqDLo,https://api.spotify.com/v1/tracks/7x9aauaA9cu6tyfpHnqDLo,https://api.spotify.com/v1/audio-analysis/7x9aauaA9cu6tyfpHnqDLo,185427,4
Nine Ball,Zach Bryan,3xOi0YhDREKRURFHoNaAOQ,0.597,0.658,7,-4.38,1,0.044,0.11,0.0,0.131,0.38,134.545,audio_features,3xOi0YhDREKRURFHoNaAOQ,spotify:track:3xOi0YhDREKRURFHoNaAOQ,https://api.spotify.com/v1/tracks/3xOi0YhDREKRURFHoNaAOQ,https://api.spotify.com/v1/audio-analysis/3xOi0YhDREKRURFHoNaAOQ,169941,4
El Jefe,Shakira X Fuerza Regida,3TxGNwiGxgE42MqqWAdmDg,0.767,0.612,9,-7.619,1,0.0545,0.497,0.0,0.376,0.965,110.863,audio_features,3TxGNwiGxgE42MqqWAdmDg,spotify:track:3TxGNwiGxgE42MqqWAdmDg,https://api.spotify.com/v1/tracks/3TxGNwiGxgE42MqqWAdmDg,https://api.spotify.com/v1/audio-analysis/3TxGNwiGxgE42MqqWAdmDg,213093,4
All-American Bitch,Olivia Rodrigo,5lDriBxJd22IhOH9zTcFrV,0.465,0.954,10,-4.251,1,0.044,0.000346,5.38e-06,0.573,0.458,143.85,audio_features,5lDriBxJd22IhOH9zTcFrV,spotify:track:5lDriBxJd22IhOH9zTcFrV,https://api.spotify.com/v1/tracks/5lDriBxJd22IhOH9zTcFrV,https://api.spotify.com/v1/audio-analysis/5lDriBxJd22IhOH9zTcFrV,193653,4
White Horse,Chris Stapleton,7MSWxMumjz6lHj7oRApNbg,0.353,0.77,1,-11.066,0,0.0493,0.0016,0.598,0.109,0.224,145.225,audio_features,7MSWxMumjz6lHj7oRApNbg,spotify:track:7MSWxMumjz6lHj7oRApNbg,https://api.spotify.com/v1/tracks/7MSWxMumjz6lHj7oRApNbg,https://api.spotify.com/v1/audio-analysis/7MSWxMumjz6lHj7oRApNbg,267893,4
Mi Ex Tenia Razon,Karol G,54zcJnb3tp9c5OVKREZ1Is,0.634,0.725,5,-4.945,0,0.0587,0.0776,0.0,0.211,0.795,159.845,audio_features,54zcJnb3tp9c5OVKREZ1Is,spotify:track:54zcJnb3tp9c5OVKREZ1Is,https://api.spotify.com/v1/tracks/54zcJnb3tp9c5OVKREZ1Is,https://api.spotify.com/v1/audio-analysis/54zcJnb3tp9c5OVKREZ1Is,154375,4
LaLa,Myke Towers,3JHpk0DOTOzyh0777JFAky,0.801,0.745,6,-3.733,0,0.063,0.398,0.00603,0.153,0.245,104.965,audio_features,3JHpk0DOTOzyh0777JFAky,spotify:track:3JHpk0DOTOzyh0777JFAky,https://api.spotify.com/v1/tracks/3JHpk0DOTOzyh0777JFAky,https://api.spotify.com/v1/audio-analysis/3JHpk0DOTOzyh0777JFAky,214013,4
500lbs,Lil Tecca,1xWkeSPhf3bZqHY7Ncz8vp,0.731,0.667,7,-7.928,0,0.0815,0.134,0.0,0.114,0.485,123.042,audio_features,1xWkeSPhf3bZqHY7Ncz8vp,spotify:track:1xWkeSPhf3bZqHY7Ncz8vp,https://api.spotify.com/v1/tracks/1xWkeSPhf3bZqHY7Ncz8vp,https://api.spotify.com/v1/audio-analysis/1xWkeSPhf3bZqHY7Ncz8vp,144390,4
Tourniquet,Zach Bryan,00syWkRGIVQvYsg2OwfBUw,0.408,0.607,10,-7.463,1,0.0391,0.236,8.02e-05,0.0972,0.169,144.136,audio_features,00syWkRGIVQvYsg2OwfBUw,spotify:track:00syWkRGIVQvYsg2OwfBUw,https://api.spotify.com/v1/tracks/00syWkRGIVQvYsg2OwfBUw,https://api.spotify.com/v1/audio-analysis/00syWkRGIVQvYsg2OwfBUw,209320,4
One More Time,Blink-182,5VEnzMXc8ocZko4M4TqnR2,0.628,0.497,2,-5.794,1,0.0271,0.114,0.0,0.112,0.157,114.704,audio_features,5VEnzMXc8ocZko4M4TqnR2,spotify:track:5VEnzMXc8ocZko4M4TqnR2,https://api.spotify.com/v1/tracks/5VEnzMXc8ocZko4M4TqnR2,https://api.spotify.com/v1/audio-analysis/5VEnzMXc8ocZko4M4TqnR2,208115,5
Strangers,Kenya Grace,5mjYQaktjmjcMKcUIcqz4s,0.628,0.523,11,-8.307,0,0.0946,0.701,0.00274,0.219,0.416,169.982,audio_features,5mjYQaktjmjcMKcUIcqz4s,spotify:track:5mjYQaktjmjcMKcUIcqz4s,https://api.spotify.com/v1/tracks/5mjYQaktjmjcMKcUIcqz4s,https://api.spotify.com/v1/audio-analysis/5mjYQaktjmjcMKcUIcqz4s,172965,4
The Grudge,Olivia Rodrigo,3Nl5OkkmS5DaBZvuYofpAt,0.548,0.307,10,-9.214,1,0.0781,0.916,0.0,0.0828,0.317,127.923,audio_features,3Nl5OkkmS5DaBZvuYofpAt,spotify:track:3Nl5OkkmS5DaBZvuYofpAt,https://api.spotify.com/v1/tracks/3Nl5OkkmS5DaBZvuYofpAt,https://api.spotify.com/v1/audio-analysis/3Nl5OkkmS5DaBZvuYofpAt,189386,4
Un Preview,Bad Bunny,63ui2w3QJBp8xx0c1MJB2Z,0.786,0.814,1,-3.318,1,0.0873,0.0383,3.67e-05,0.22,0.365,95.084,audio_features,63ui2w3QJBp8xx0c1MJB2Z,spotify:track:63ui2w3QJBp8xx0c1MJB2Z,https://api.spotify.com/v1/tracks/63ui2w3QJBp8xx0c1MJB2Z,https://api.spotify.com/v1/audio-analysis/63ui2w3QJBp8xx0c1MJB2Z,165582,4
"Pain, Sweet, Pain",Zach Bryan,4KaCwku7yZUrDRcOc9rMmQ,0.382,0.791,9,-5.416,0,0.0878,0.108,0.0,0.244,0.315,135.9,audio_features,4KaCwku7yZUrDRcOc9rMmQ,spotify:track:4KaCwku7yZUrDRcOc9rMmQ,https://api.spotify.com/v1/tracks/4KaCwku7yZUrDRcOc9rMmQ,https://api.spotify.com/v1/audio-analysis/4KaCwku7yZUrDRcOc9rMmQ,195740,4
Lose Control,Teddy Swims,6usohdchdzW9oML7VC4Uhk,0.561,0.604,9,-4.409,1,0.0337,0.199,1.9e-05,0.104,0.242,159.92,audio_features,6usohdchdzW9oML7VC4Uhk,spotify:track:6usohdchdzW9oML7VC4Uhk,https://api.spotify.com/v1/tracks/6usohdchdzW9oML7VC4Uhk,https://api.spotify.com/v1/audio-analysis/6usohdchdzW9oML7VC4Uhk,210689,3
SkeeYee,Sexyy Red,7icwQvajsokotDfM3tefW6,0.739,0.536,1,-10.843,1,0.308,0.231,0.0,0.35,0.64,82.549,audio_features,7icwQvajsokotDfM3tefW6,spotify:track:7icwQvajsokotDfM3tefW6,https://api.spotify.com/v1/tracks/7icwQvajsokotDfM3tefW6,https://api.spotify.com/v1/audio-analysis/7icwQvajsokotDfM3tefW6,154120,4
Everything I Love,Morgan Wallen,0cv6mTbrqr8vxGC31NjKtM,0.566,0.845,8,-3.817,1,0.0265,0.00475,0.000822,0.148,0.698,103.97,audio_features,0cv6mTbrqr8vxGC31NjKtM,spotify:track:0cv6mTbrqr8vxGC31NjKtM,https://api.spotify.com/v1/tracks/0cv6mTbrqr8vxGC31NjKtM,https://api.spotify.com/v1/audio-analysis/0cv6mTbrqr8vxGC31NjKtM,187047,4
Popular,"The Weeknd, Playboi Carti & Madonna",37sa2suNbOTd1OyIqqZBGx,0.761,0.466,10,-11.186,0,0.0699,0.00365,0.832,0.104,0.432,99.0,audio_features,37sa2suNbOTd1OyIqqZBGx,spotify:track:37sa2suNbOTd1OyIqqZBGx,https://api.spotify.com/v1/tracks/37sa2suNbOTd1OyIqqZBGx,https://api.spotify.com/v1/audio-analysis/37sa2suNbOTd1OyIqqZBGx,217098,4
HG4,Rod Wave,591ks2A0o7ratTpiRdI7M6,0.732,0.387,10,-8.47,0,0.0741,0.0493,0.0,0.141,0.242,157.875,audio_features,591ks2A0o7ratTpiRdI7M6,spotify:track:591ks2A0o7ratTpiRdI7M6,https://api.spotify.com/v1/tracks/591ks2A0o7ratTpiRdI7M6,https://api.spotify.com/v1/audio-analysis/591ks2A0o7ratTpiRdI7M6,159670,3
El Amor de Su Vida,Grupo Frontera & Grupo Firme,0O3U5iwTbiXCREMkvotJuN,0.616,0.834,9,-3.069,1,0.0664,0.06,0.0,0.338,0.746,151.701,audio_features,0O3U5iwTbiXCREMkvotJuN,spotify:track:0O3U5iwTbiXCREMkvotJuN,https://api.spotify.com/v1/tracks/0O3U5iwTbiXCREMkvotJuN,https://api.spotify.com/v1/audio-analysis/0O3U5iwTbiXCREMkvotJuN,165848,4
Truck Bed,HARDY,103u49mLoJUge83B1CnLxI,0.662,0.77,0,-4.887,1,0.0367,0.0875,0.0,0.35,0.769,132.057,audio_features,103u49mLoJUge83B1CnLxI,spotify:track:103u49mLoJUge83B1CnLxI,https://api.spotify.com/v1/tracks/103u49mLoJUge83B1CnLxI,https://api.spotify.com/v1/audio-analysis/103u49mLoJUge83B1CnLxI,167535,4
Lil Boo Thang,Paul Russell,0cVyQfDyRnMJ0V3rjjdlU3,0.85,0.699,0,-3.292,1,0.0776,0.152,0.0,0.32,0.915,114.481,audio_features,0cVyQfDyRnMJ0V3rjjdlU3,spotify:track:0cVyQfDyRnMJ0V3rjjdlU3,https://api.spotify.com/v1/tracks/0cVyQfDyRnMJ0V3rjjdlU3,https://api.spotify.com/v1/audio-analysis/0cVyQfDyRnMJ0V3rjjdlU3,114234,4
My Love Mine All Mine,Mitski,50kSzIXc8avwPULMD4EACM,0.761,0.673,8,-7.306,1,0.0493,0.0587,9.67e-06,0.118,0.927,129.993,audio_features,50kSzIXc8avwPULMD4EACM,spotify:track:50kSzIXc8avwPULMD4EACM,https://api.spotify.com/v1/tracks/50kSzIXc8avwPULMD4EACM,https://api.spotify.com/v1/audio-analysis/50kSzIXc8avwPULMD4EACM,210913,4
Telekinesis,Travis Scott Featuring SZA & Future,3RBS7wIAzrBxh99xFqAqkg,0.493,0.732,2,-7.728,1,0.0324,0.041,0.665,0.0717,0.221,125.105,audio_features,3RBS7wIAzrBxh99xFqAqkg,spotify:track:3RBS7wIAzrBxh99xFqAqkg,https://api.spotify.com/v1/tracks/3RBS7wIAzrBxh99xFqAqkg,https://api.spotify.com/v1/audio-analysis/3RBS7wIAzrBxh99xFqAqkg,104080,4
Tulum,Peso Pluma & Grupo Frontera,7bPp2NmpmyhLJ7zWazAXMu,0.557,0.866,6,-4.454,1,0.0503,0.394,0.0,0.11,0.631,167.767,audio_features,7bPp2NmpmyhLJ7zWazAXMu,spotify:track:7bPp2NmpmyhLJ7zWazAXMu,https://api.spotify.com/v1/tracks/7bPp2NmpmyhLJ7zWazAXMu,https://api.spotify.com/v1/audio-analysis/7bPp2NmpmyhLJ7zWazAXMu,209415,4
Sabor Fresa,Fuerza Regida,1UMm1Qs3u59Wvk53zBUE8r,0.785,0.863,7,-4.599,0,0.0893,0.0883,0.0,0.0929,0.962,130.132,audio_features,1UMm1Qs3u59Wvk53zBUE8r,spotify:track:1UMm1Qs3u59Wvk53zBUE8r,https://api.spotify.com/v1/tracks/1UMm1Qs3u59Wvk53zBUE8r,https://api.spotify.com/v1/audio-analysis/1UMm1Qs3u59Wvk53zBUE8r,156501,3
Spotless,Zach Bryan Featuring The Lumineers,3WMj8moIAXJhHsyLaqIIHI,0.369,0.192,4,-12.151,0,0.04,0.555,8.35e-06,0.0954,0.148,175.212,audio_features,3WMj8moIAXJhHsyLaqIIHI,spotify:track:3WMj8moIAXJhHsyLaqIIHI,https://api.spotify.com/v1/tracks/3WMj8moIAXJhHsyLaqIIHI,https://api.spotify.com/v1/audio-analysis/3WMj8moIAXJhHsyLaqIIHI,228013,3
Girl In Mine,Parmalee,2DPqR0kuZVjrOF5oxIRYPy,0.459,0.682,8,-4.235,1,0.0464,0.167,0.0,0.11,0.887,201.831,audio_features,2DPqR0kuZVjrOF5oxIRYPy,spotify:track:2DPqR0kuZVjrOF5oxIRYPy,https://api.spotify.com/v1/tracks/2DPqR0kuZVjrOF5oxIRYPy,https://api.spotify.com/v1/audio-analysis/2DPqR0kuZVjrOF5oxIRYPy,155120,4
Deli,Ice Spice,5JYPXqMwYc0zTODQdjMEZN,0.789,0.763,1,-6.169,1,0.199,0.123,2.22e-05,0.132,0.272,140.107,audio_features,5JYPXqMwYc0zTODQdjMEZN,spotify:track:5JYPXqMwYc0zTODQdjMEZN,https://api.spotify.com/v1/tracks/5JYPXqMwYc0zTODQdjMEZN,https://api.spotify.com/v1/audio-analysis/5JYPXqMwYc0zTODQdjMEZN,126857,4
Segun Quien,Maluma & Carin Leon,6fNCrsrdIcgVd2aZZ0nnz4,0.909,0.762,9,-3.974,1,0.0643,0.434,0.0,0.0856,0.843,101.987,audio_features,6fNCrsrdIcgVd2aZZ0nnz4,spotify:track:6fNCrsrdIcgVd2aZZ0nnz4,https://api.spotify.com/v1/tracks/6fNCrsrdIcgVd2aZZ0nnz4,https://api.spotify.com/v1/audio-analysis/6fNCrsrdIcgVd2aZZ0nnz4,142335,3
Lacy,Olivia Rodrigo,6QT6j7rKt7Vk3IuV2AUO9W,0.455,0.379,3,-7.628,1,0.0341,0.803,0.0,0.109,0.413,76.967,audio_features,6QT6j7rKt7Vk3IuV2AUO9W,spotify:track:6QT6j7rKt7Vk3IuV2AUO9W,https://api.spotify.com/v1/tracks/6QT6j7rKt7Vk3IuV2AUO9W,https://api.spotify.com/v1/audio-analysis/6QT6j7rKt7Vk3IuV2AUO9W,177212,4
Oh U Went,Young Thug Featuring Drake,7qLr3HMApUbyDkUvgIvHnB,0.808,0.789,7,-5.88,0,0.236,0.0517,0.0,0.0819,0.465,136.01,audio_features,7qLr3HMApUbyDkUvgIvHnB,spotify:track:7qLr3HMApUbyDkUvgIvHnB,https://api.spotify.com/v1/tracks/7qLr3HMApUbyDkUvgIvHnB,https://api.spotify.com/v1/audio-analysis/7qLr3HMApUbyDkUvgIvHnB,185333,4
Nostalgia,Rod Wave & Wet,7ry34dFOuoK2c5GoYWWsl3,0.498,0.695,7,-6.891,1,0.157,0.868,4.03e-06,0.127,0.707,81.186,audio_features,7ry34dFOuoK2c5GoYWWsl3,spotify:track:7ry34dFOuoK2c5GoYWWsl3,https://api.spotify.com/v1/tracks/7ry34dFOuoK2c5GoYWWsl3,https://api.spotify.com/v1/audio-analysis/7ry34dFOuoK2c5GoYWWsl3,163997,4
Johnny Dang,"That Mexican OT, Paul Wall & DRODi",1kwPxt35W7cG3rryxR48PO,0.971,0.671,10,-5.26,0,0.154,0.416,0.0,0.128,0.754,119.965,audio_features,1kwPxt35W7cG3rryxR48PO,spotify:track:1kwPxt35W7cG3rryxR48PO,https://api.spotify.com/v1/tracks/1kwPxt35W7cG3rryxR48PO,https://api.spotify.com/v1/audio-analysis/1kwPxt35W7cG3rryxR48PO,192000,4
HVN On Earth,Lil Tecca & Kodak Black,4CIyxiObT9G35HrSItAblR,0.734,0.649,8,-5.12,1,0.108,0.078,0.000664,0.137,0.239,132.038,audio_features,4CIyxiObT9G35HrSItAblR,spotify:track:4CIyxiObT9G35HrSItAblR,https://api.spotify.com/v1/tracks/4CIyxiObT9G35HrSItAblR,https://api.spotify.com/v1/audio-analysis/4CIyxiObT9G35HrSItAblR,188870,3
Bipolar,Peso Pluma x Jasiel Nunez x Junior H,3HOKxuTDmNVmIlCIpBiD8m,0.77,0.622,11,-10.621,1,0.026,0.328,0.00603,0.149,0.792,115.952,audio_features,3HOKxuTDmNVmIlCIpBiD8m,spotify:track:3HOKxuTDmNVmIlCIpBiD8m,https://api.spotify.com/v1/tracks/3HOKxuTDmNVmIlCIpBiD8m,https://api.spotify.com/v1/audio-analysis/3HOKxuTDmNVmIlCIpBiD8m,231247,3
In Your Love,Tyler Childers,1olWQ1LOUYs4VBwx5N8Lz9,0.534,0.409,7,-9.559,1,0.0378,0.844,0.000656,0.115,0.243,127.357,audio_features,1olWQ1LOUYs4VBwx5N8Lz9,spotify:track:1olWQ1LOUYs4VBwx5N8Lz9,https://api.spotify.com/v1/tracks/1olWQ1LOUYs4VBwx5N8Lz9,https://api.spotify.com/v1/audio-analysis/1olWQ1LOUYs4VBwx5N8Lz9,225827,4
Crazy,Rod Wave,4RMm3bonEDyYj5aJGkaJqX,0.63,0.438,5,-11.138,0,0.142,0.0599,0.0,0.108,0.188,160.981,audio_features,4RMm3bonEDyYj5aJGkaJqX,spotify:track:4RMm3bonEDyYj5aJGkaJqX,https://api.spotify.com/v1/tracks/4RMm3bonEDyYj5aJGkaJqX,https://api.spotify.com/v1/audio-analysis/4RMm3bonEDyYj5aJGkaJqX,130508,4
Demons,Doja Cat,6vb4kCEIM7zrwuHlxFbfeB,0.831,0.362,1,-6.085,1,0.229,0.000156,0.0162,0.168,0.313,139.941,audio_features,6vb4kCEIM7zrwuHlxFbfeB,spotify:track:6vb4kCEIM7zrwuHlxFbfeB,https://api.spotify.com/v1/tracks/6vb4kCEIM7zrwuHlxFbfeB,https://api.spotify.com/v1/audio-analysis/6vb4kCEIM7zrwuHlxFbfeB,195573,4
Making The Bed,Olivia Rodrigo,6SRsiMl7w1USE4mFqrOhHC,0.672,0.526,4,-6.446,1,0.0599,0.0311,1.37e-06,0.28,0.28,123.999,audio_features,6SRsiMl7w1USE4mFqrOhHC,spotify:track:6SRsiMl7w1USE4mFqrOhHC,https://api.spotify.com/v1/tracks/6SRsiMl7w1USE4mFqrOhHC,https://api.spotify.com/v1/audio-analysis/6SRsiMl7w1USE4mFqrOhHC,143747,4
Standing Room Only,Tim McGraw,6BOP0cv1eeXcvi1oE8bDVZ,0.475,0.789,1,-6.124,1,0.038,0.17,0.0,0.147,0.485,155.227,audio_features,6BOP0cv1eeXcvi1oE8bDVZ,spotify:track:6BOP0cv1eeXcvi1oE8bDVZ,https://api.spotify.com/v1/tracks/6BOP0cv1eeXcvi1oE8bDVZ,https://api.spotify.com/v1/audio-analysis/6BOP0cv1eeXcvi1oE8bDVZ,226091,4
Checkmate,Rod Wave,6VdBDm20nkyk6A29P785aJ,0.731,0.622,5,-8.237,1,0.0979,0.176,0.0,0.153,0.445,82.494,audio_features,6VdBDm20nkyk6A29P785aJ,spotify:track:6VdBDm20nkyk6A29P785aJ,https://api.spotify.com/v1/tracks/6VdBDm20nkyk6A29P785aJ,https://api.spotify.com/v1/audio-analysis/6VdBDm20nkyk6A29P785aJ,198034,4
Can't Have Mine,Dylan Scott,3jfywRZH6cB2iLyKqo4EZd,0.663,0.502,5,-7.07,1,0.0285,0.791,0.0,0.105,0.371,143.969,audio_features,3jfywRZH6cB2iLyKqo4EZd,spotify:track:3jfywRZH6cB2iLyKqo4EZd,https://api.spotify.com/v1/tracks/3jfywRZH6cB2iLyKqo4EZd,https://api.spotify.com/v1/audio-analysis/3jfywRZH6cB2iLyKqo4EZd,183087,4
On My Mama,Victoria Monet,1o8Z7GD1CeOaVBEyuzu4HO,0.481,0.539,4,-7.865,0,0.108,0.551,0.00539,0.12,0.621,153.277,audio_features,1o8Z7GD1CeOaVBEyuzu4HO,spotify:track:1o8Z7GD1CeOaVBEyuzu4HO,https://api.spotify.com/v1/tracks/1o8Z7GD1CeOaVBEyuzu4HO,https://api.spotify.com/v1/audio-analysis/1o8Z7GD1CeOaVBEyuzu4HO,186678,4
Love Is Embarrassing,Olivia Rodrigo,1haoEnXbsUS3OFIWaUJ3wb,0.534,0.82,9,-3.44,1,0.0886,0.00376,0.0,0.136,0.664,160.064,audio_features,1haoEnXbsUS3OFIWaUJ3wb,spotify:track:1haoEnXbsUS3OFIWaUJ3wb,https://api.spotify.com/v1/tracks/1haoEnXbsUS3OFIWaUJ3wb,https://api.spotify.com/v1/audio-analysis/1haoEnXbsUS3OFIWaUJ3wb,154517,4
